processed?,username,sponsor,subdomain,country,first_name,last_name,email,phone,DOB,gender,package_id,addon_id,password,product_sku,billing_country,billing_state,billing_postal_code,shipping_eq_billing,shipping_country,shipping_state,shipping_postal_code,shipping_group
,Ethan,corporate-admin,Ethan,IN,Ethan,Ethan,kdemullett0@diigo.com,3709513851,1998-12-12,m,438,,As@12345,,101,5179,123456,Y,,,,
,Emily,Ethan,Emily,IN,Emily,Emily,chatcher1@ucsd.edu,1801392236,1992-05-11,m,438,,As@12345,,101,5179,123456,Y,,,,
,David,Emily,David,IN,David,David,wsnashall2@mediafire.com,9326652025,2000-02-11,na,436,,As@12345,,101,5180,123456,Y,,,,
,Grace,David,Grace,IN,Grace,Grace,cvanhalle3@woothemes.com,8773939069,1993-01-02,f,436,,As@12345,,101,5179,123456,Y,,,,
,Kevin,Grace,Kevin,IN,Kevin,Kevin,rratt4@npr.org,3017707785,1993-02-11,f,438,,As@12345,,101,5179,123456,Y,,,,
,Maria,Kevin,Maria,IN,Maria,Maria,garthars5@imdb.com,3075595449,1999-08-14,na,436,,As@12345,,101,5179,123456,Y,,,,
,Jacob,Maria,Jacob,IN,Jacob,Jacob,ecapstake6@quantcast.com,3371817804,1993-11-22,f,436,,As@12345,,101,5180,123456,Y,,,,
,Megan,Jacob,Megan,IN,Megan,Megan,jdate7@pagesperso-orange.fr,5298124507,1992-06-06,na,436,,As@12345,,101,5179,123456,Y,,,,
,Brian,Megan,Brian,IN,Brian,Brian,wbryan8@tripod.com,4149747851,1997-01-14,f,438,,As@12345,,101,5180,123456,Y,,,,
,Amber,Brian,Amber,IN,Amber,Amber,chunter9@smh.com.au,1869828943,1990-08-14,na,436,,As@12345,,101,5180,123456,Y,,,,
,Logan,Amber,Logan,IN,Logan,Logan,sbrittina@github.io,4034505839,1990-05-22,na,438,,As@12345,,101,5179,123456,Y,,,,
,Sarah,Logan,Sarah,IN,Sarah,Sarah,ekeddyb@noaa.gov,2626164542,1992-10-30,na,437,,As@12345,,101,5179,123456,Y,,,,
,Felix,Sarah,Felix,IN,Felix,Felix,bmcturleyc@ibm.com,1979310452,1993-03-03,m,437,,As@12345,,101,5179,123456,Y,,,,
,Holly,Felix,Holly,IN,Holly,Holly,gfawbertd@hatena.ne.jp,1293878029,1995-11-20,f,437,,As@12345,,101,5179,123456,Y,,,,
,Oscar,Holly,Oscar,IN,Oscar,Oscar,dstannislawskie@unblog.fr,2426542560,1992-01-24,na,438,,As@12345,,101,5180,123456,Y,,,,
,Chloe,Oscar,Chloe,IN,Chloe,Chloe,lmatteolif@oracle.com,5431137348,1996-09-22,m,438,,As@12345,,101,5179,123456,Y,,,,
,Dylan,Chloe,Dylan,IN,Dylan,Dylan,khandling@shareasale.com,6632448776,1995-12-09,na,437,,As@12345,,101,5180,123456,Y,,,,
,Alice,Dylan,Alice,IN,Alice,Alice,bbailieh@prnewswire.com,4222300615,1991-11-06,f,436,,As@12345,,101,5179,123456,Y,,,,
,Mason,Alice,Mason,IN,Mason,Mason,adoubravai@independent.co.uk,7185180297,1993-07-29,na,436,,As@12345,,101,5180,123456,Y,,,,
,Karen,Mason,Karen,IN,Karen,Karen,afurphyj@networkadvertising.org,1581384133,1991-11-28,f,438,,As@12345,,101,5179,123456,Y,,,,
,Blake,Karen,Blake,IN,Blake,Blake,bdanielkiewiczk@sohu.com,6457704035,1991-02-18,f,436,,As@12345,,101,5179,123456,Y,,,,
,April,Blake,April,IN,April,April,abroginil@php.net,5478302719,1995-02-13,f,437,,As@12345,,101,5180,123456,Y,,,,
,Felix,April,Felix,IN,Felix,Felix,kmerrellm@google.com.hk,5494947419,1992-07-08,na,437,,As@12345,,101,5179,123456,Y,,,,
,Cindy,Felix,Cindy,IN,Cindy,Cindy,ddrydenn@tripod.com,2007294135,1992-03-18,f,436,,As@12345,,101,5180,123456,Y,,,,
,Riley,Cindy,Riley,IN,Riley,Riley,kdymotto@forbes.com,5147255479,1995-01-31,na,438,,As@12345,,101,5179,123456,Y,,,,
,Laura,Riley,Laura,IN,Laura,Laura,rminchinp@list-manage.com,3963295790,1995-03-11,f,438,,As@12345,,101,5180,123456,Y,,,,
,Colin,Laura,Colin,IN,Colin,Colin,nnorthridgeq@etsy.com,9536991333,1995-06-05,na,437,,As@12345,,101,5179,123456,Y,,,,
,Bella,Colin,Bella,IN,Bella,Bella,bthomassonr@disqus.com,1699657059,1990-12-12,f,437,,As@12345,,101,5179,123456,Y,,,,
,Aaron,Bella,Aaron,IN,Aaron,Aaron,jjacobs@addtoany.com,7173113527,1994-09-19,na,437,,As@12345,,101,5180,123456,Y,,,,
,Kelly,Aaron,Kelly,IN,Kelly,Kelly,smulfordt@bigcartel.com,3604508759,1994-12-09,f,436,,As@12345,,101,5179,123456,Y,,,,
,Shane,Kelly,Shane,IN,Shane,Shane,tcaenu@ibm.com,2828524765,1994-05-14,na,437,,As@12345,,101,5179,123456,Y,,,,
,Linda,Shane,Linda,IN,Linda,Linda,fmcnaev@kickstarter.com,6912828554,1993-04-15,m,438,,As@12345,,101,5179,123456,Y,,,,
,Casey,Linda,Casey,IN,Casey,Casey,dorteuw@fc2.com,8617288559,1993-05-14,m,438,,As@12345,,101,5180,123456,Y,,,,
,Ellie,Casey,Ellie,IN,Ellie,Ellie,tweaferx@nps.gov,3509564406,1995-06-18,na,438,,As@12345,,101,5179,123456,Y,,,,
,Peter,Ellie,Peter,IN,Peter,Peter,ttrany@shutterfly.com,1934664663,1991-04-15,na,436,,As@12345,,101,5180,123456,Y,,,,
,Cindy,Peter,Cindy,IN,Cindy,Cindy,ahallowayz@ed.gov,9592228368,1995-06-19,na,438,,As@12345,,101,5179,123456,Y,,,,
,Felix,Cindy,Felix,IN,Felix,Felix,snolot10@angelfire.com,4898250673,1997-03-09,f,437,,As@12345,,101,5179,123456,Y,,,,
,Laura,Felix,Laura,IN,Laura,Laura,jlewinton11@cnbc.com,3647981362,1993-08-11,m,438,,As@12345,,101,5180,123456,Y,,,,
,Oscar,Laura,Oscar,IN,Oscar,Oscar,bstainer12@cnbc.com,8906089105,1990-09-19,na,437,,As@12345,,101,5180,123456,Y,,,,
,Holly,Oscar,Holly,IN,Holly,Holly,hlomond13@webmd.com,3744152931,1994-10-18,m,438,,As@12345,,101,5179,123456,Y,,,,
,Logan,Holly,Logan,IN,Logan,Logan,nheddy14@goo.gl,4662996713,1994-11-11,f,437,,As@12345,,101,5180,123456,Y,,,,
,Grace,Logan,Grace,IN,Grace,Grace,ejull15@acquirethisname.com,8832490266,1998-10-04,f,436,,As@12345,,101,5180,123456,Y,,,,
,Kevin,Grace,Kevin,IN,Kevin,Kevin,jroman16@hatena.ne.jp,1194513165,1991-03-29,f,436,,As@12345,,101,5179,123456,Y,,,,
,Megan,Kevin,Megan,IN,Megan,Megan,glawie17@archive.org,6522175063,1990-12-17,f,437,,As@12345,,101,5180,123456,Y,,,,
,Brian,Megan,Brian,IN,Brian,Brian,jheathcoat18@hp.com,5705460645,1997-06-20,f,437,,As@12345,,101,5180,123456,Y,,,,
,Alice,Brian,Alice,IN,Alice,Alice,ddimic19@tripod.com,8475883773,1990-03-20,f,438,,As@12345,,101,5180,123456,Y,,,,
,Ethan,Alice,Ethan,IN,Ethan,Ethan,tguilloton1a@eepurl.com,1515385955,1991-04-23,f,438,,As@12345,,101,5180,123456,Y,,,,
,Karen,Ethan,Karen,IN,Karen,Karen,kchipping1b@google.de,3473337029,1992-10-14,m,436,,As@12345,,101,5180,123456,Y,,,,
,Riley,Karen,Riley,IN,Riley,Riley,ssnugg1c@chronoengine.com,4774837447,1999-04-13,f,438,,As@12345,,101,5180,123456,Y,,,,
,April,Riley,April,IN,April,April,cgudgen1d@hc360.com,2661177048,1995-10-14,m,436,,As@12345,,101,5179,123456,Y,,,,
,Jacob,April,Jacob,IN,Jacob,Jacob,larro1e@istockphoto.com,8387854654,1994-02-07,na,437,,As@12345,,101,5179,123456,Y,,,,
,Emily,Jacob,Emily,IN,Emily,Emily,nstegell1f@eventbrite.com,2773578598,1993-10-23,na,438,,As@12345,,101,5179,123456,Y,,,,
,David,Emily,David,IN,David,David,cphilimore1g@unicef.org,4984024601,1990-07-18,na,437,,As@12345,,101,5180,123456,Y,,,,
,Sarah,David,Sarah,IN,Sarah,Sarah,apittham1h@wikimedia.org,6835000994,1998-02-05,m,438,,As@12345,,101,5180,123456,Y,,,,
,Dylan,Sarah,Dylan,IN,Dylan,Dylan,kslafford1i@usda.gov,9431891943,1996-06-17,na,437,,As@12345,,101,5180,123456,Y,,,,
,Maria,Dylan,Maria,IN,Maria,Maria,iizatt1j@opera.com,8321556760,1994-06-24,na,438,,As@12345,,101,5180,123456,Y,,,,
,Blake,Maria,Blake,IN,Blake,Blake,ocleaton1k@oracle.com,7426963226,1996-08-06,m,436,,As@12345,,101,5180,123456,Y,,,,
,Chloe,Blake,Chloe,IN,Chloe,Chloe,mcockerham1l@aol.com,4541328167,1998-09-04,m,438,,As@12345,,101,5180,123456,Y,,,,
,Oscar,Chloe,Oscar,IN,Oscar,Oscar,mdiem1m@cdc.gov,2384854810,1998-08-28,m,438,,As@12345,,101,5179,123456,Y,,,,
,Bella,Oscar,Bella,IN,Bella,Bella,idinapoli1n@joomla.org,3132579966,1992-05-08,na,437,,As@12345,,101,5179,123456,Y,,,,
,Colin,Bella,Colin,IN,Colin,Colin,rmiles1o@msu.edu,9163836271,1998-07-05,na,437,,As@12345,,101,5179,123456,Y,,,,
,Kelly,Colin,Kelly,IN,Kelly,Kelly,ksive1p@jigsy.com,4339098296,1995-04-06,na,438,,As@12345,,101,5180,123456,Y,,,,
,Felix,Kelly,Felix,IN,Felix,Felix,fhurworth1q@livejournal.com,3391455337,1996-01-29,na,437,,As@12345,,101,5180,123456,Y,,,,
,Linda,Felix,Linda,IN,Linda,Linda,sscaysbrook1r@oakley.com,9204633208,1991-06-28,f,436,,As@12345,,101,5180,123456,Y,,,,
,Logan,Linda,Logan,IN,Logan,Logan,gcaudrey1s@admin.ch,5434604401,1993-09-01,f,437,,As@12345,,101,5180,123456,Y,,,,
,Holly,Logan,Holly,IN,Holly,Holly,drubert1t@imageshack.us,6522471195,1998-03-31,m,437,,As@12345,,101,5180,123456,Y,,,,
,Brian,Holly,Brian,IN,Brian,Brian,mlemmertz1u@uol.com.br,9439885627,1998-12-30,f,437,,As@12345,,101,5179,123456,Y,,,,
,Megan,Brian,Megan,IN,Megan,Megan,liacopetti1v@tripod.com,1255640801,1999-01-28,f,438,,As@12345,,101,5180,123456,Y,,,,
,Aaron,Megan,Aaron,IN,Aaron,Aaron,dharrema1w@free.fr,7942135401,2000-01-06,m,436,,As@12345,,101,5180,123456,Y,,,,
,Casey,Aaron,Casey,IN,Casey,Casey,aboundy1x@abc.net.au,3963080505,1996-11-03,f,437,,As@12345,,101,5179,123456,Y,,,,
,Ethan,Casey,Ethan,IN,Ethan,Ethan,spenwright1y@wikia.com,6984104448,1996-04-15,f,437,,As@12345,,101,5180,123456,Y,,,,
,Emily,Ethan,Emily,IN,Emily,Emily,grosetti1z@auda.org.au,3632020527,1993-01-06,f,437,,As@12345,,101,5180,123456,Y,,,,
,David,Emily,David,IN,David,David,dager20@mapquest.com,7824086380,1998-03-20,m,437,,As@12345,,101,5179,123456,Y,,,,
,Grace,David,Grace,IN,Grace,Grace,emcpaik21@spiegel.de,2125149695,1994-05-01,na,437,,As@12345,,101,5180,123456,Y,,,,
,Kevin,Grace,Kevin,IN,Kevin,Kevin,tellar22@harvard.edu,9101769158,1996-12-05,na,438,,As@12345,,101,5179,123456,Y,,,,
,Maria,Kevin,Maria,IN,Maria,Maria,slinnard23@army.mil,3122797930,1993-06-01,na,437,,As@12345,,101,5180,123456,Y,,,,
,Jacob,Maria,Jacob,IN,Jacob,Jacob,lmitchel24@examiner.com,1091056413,1990-12-31,na,436,,As@12345,,101,5179,123456,Y,,,,
,Riley,Jacob,Riley,IN,Riley,Riley,mfison25@simplemachines.org,7685131742,1992-08-11,f,436,,As@12345,,101,5179,123456,Y,,,,
,Logan,Riley,Logan,IN,Logan,Logan,dcastelin26@disqus.com,7987301415,1999-02-21,na,437,,As@12345,,101,5179,123456,Y,,,,
,Chloe,Logan,Chloe,IN,Chloe,Chloe,gpiechnik27@livejournal.com,3625466450,1993-06-12,m,438,,As@12345,,101,5179,123456,Y,,,,
,Blake,Chloe,Blake,IN,Blake,Blake,cfarguhar28@spotify.com,2116438821,1997-01-29,m,437,,As@12345,,101,5179,123456,Y,,,,
,April,Blake,April,IN,April,April,jcorah29@webeden.co.uk,4595831996,1993-09-11,m,436,,As@12345,,101,5180,123456,Y,,,,
,Felix,April,Felix,IN,Felix,Felix,bchestney2a@addtoany.com,1075105906,1992-02-02,na,437,,As@12345,,101,5179,123456,Y,,,,
,Cindy,Felix,Cindy,IN,Cindy,Cindy,rsheffield2b@parallels.com,5314510821,1991-01-03,m,437,,As@12345,,101,5180,123456,Y,,,,
,Oscar,Cindy,Oscar,IN,Oscar,Oscar,maston2c@trellian.com,7021747990,1992-09-03,f,437,,As@12345,,101,5179,123456,Y,,,,
,Laura,Oscar,Laura,IN,Laura,Laura,kinglish2d@ezinearticles.com,5997823587,1990-03-08,f,437,,As@12345,,101,5179,123456,Y,,,,
,Colin,Laura,Colin,IN,Colin,Colin,jasbrey2e@ebay.com,8414997151,1994-12-25,m,437,,As@12345,,101,5179,123456,Y,,,,
,Sarah,Colin,Sarah,IN,Sarah,Sarah,cterren2f@ow.ly,5226370642,1999-10-13,m,438,,As@12345,,101,5180,123456,Y,,,,
,Brian,Sarah,Brian,IN,Brian,Brian,bmollin2g@people.com.cn,1017671812,1991-09-07,f,436,,As@12345,,101,5180,123456,Y,,,,
,Karen,Brian,Karen,IN,Karen,Karen,dgood2h@sbwire.com,6055052233,1990-06-01,f,436,,As@12345,,101,5179,123456,Y,,,,
,Aaron,Karen,Aaron,IN,Aaron,Aaron,aobispo2i@com.com,8528482016,1993-12-27,na,437,,As@12345,,101,5180,123456,Y,,,,
,Bella,Aaron,Bella,IN,Bella,Bella,jgristhwaite2j@google.es,3786917633,1996-06-05,m,436,,As@12345,,101,5179,123456,Y,,,,
,Shane,Bella,Shane,IN,Shane,Shane,dbromwich2k@w3.org,6698444484,1999-04-01,na,438,,As@12345,,101,5180,123456,Y,,,,
,Kelly,Shane,Kelly,IN,Kelly,Kelly,rsmallthwaite2l@bloglines.com,3954495151,1995-11-09,na,437,,As@12345,,101,5180,123456,Y,,,,
,Alice,Kelly,Alice,IN,Alice,Alice,mburrass2m@google.co.uk,8887262518,2000-02-24,na,438,,As@12345,,101,5179,123456,Y,,,,
,Linda,Alice,Linda,IN,Linda,Linda,abansal2n@admin.ch,6849632635,1990-08-17,m,436,,As@12345,,101,5180,123456,Y,,,,
,Felix,Linda,Felix,IN,Felix,Felix,wwalczak2o@bbb.org,5879291216,1999-03-21,f,438,,As@12345,,101,5179,123456,Y,,,,
,Holly,Felix,Holly,IN,Holly,Holly,jlarrett2p@wisc.edu,9108476816,1992-12-06,m,436,,As@12345,,101,5180,123456,Y,,,,
,Logan,Holly,Logan,IN,Logan,Logan,skentwell2q@smh.com.au,8428459543,1994-11-24,f,436,,As@12345,,101,5180,123456,Y,,,,
,Megan,Logan,Megan,IN,Megan,Megan,nleversuch2r@ow.ly,5224974924,1996-04-16,m,437,,As@12345,,101,5179,123456,Y,,,,
