processed?,username,subdomain,first_name,last_name,password,country_code,country_id,payout_method,wallet_address,ifsc_code,iban,swift_code,paypal_email,payquicker_id,hyperWallet_id,gpg_id
,stepmack,stepmack,Stephanie,Mackenzie,,US,231,bank,,IFSC000001,BR1500000000000010932840814P2,CHASUS33XXX,,,,
,andrbond,andrbond,Andrea,Bond,,BR,30,bank,,IFSC000002,FR7630006000011234567890189,CHASUS33XXY,,,,
,connmcgr,connmcgr,Connor,McGrath,,FR,75,bank,,IFSC000003,AL35202111090000000001234567,CHASUS33XXX,,,,
,feliharr,feliharr,Felicity,Harris,,HU,99,bank,,IFSC000004,AD1400080001001234567890,CHASUS33XXX,,,,
,olivmacd,olivmacd,Olivia,MacDonald,,NZ,157,bank,,IFSC000005,AT483200000012345864,CHASUS33XXX,,,,
,coliross,coliross,Colin,Ross,,ES,205,bank,,IFSC000006,AZ77VTBA00000000001234567890,CHASUS33XXX,,,,
,caromacl,caromacl,Carol,MacLeod,,PL,175,bank,,IFSC000007,BR1500000000000010932840814P2,CHASUS33XXX,,,,
,colismit,colismit,Colin,Smith,,AU,13,bank,,IFSC000008,BG18RZBB91550123456789,CHASUS33XXX,,,,
,nathsmit,nathsmit,Nathan,Smith,,CA,38,bank,,IFSC000009,EG800002000156789012345180002,CHASUS33XXX,,,,
,branaver,branaver,Brandon,Avery,,DE,82,bank,,IFSC000010,SV43ACAT00000000000000123123,CHASUS33XXX,,,,
,marimitc,marimitc,Maria,Mitchell,,IT,107,bank,,IFSC000011,BR1500000000000010932840814P2,CHASUS33XXX,,,,
,alisquin,alisquin,Alison,Quinn,,NO,164,bank,,IFSC000012,FR7630006000011234567890189,CHASUS33XXX,,,,
,jamemcle,jamemcle,James,McLean,,CH,212,bank,,IFSC000013,AL35202111090000000001234567,CHASUS33XXX,,,,
,heatrobe,heatrobe,Heather,Robertson,,RO,180,bank,,IFSC000014,AD1400080001001234567890,CHASUS33XXX,,,,
,johnferg,johnferg,John,Ferguson,,AT,14,bank,,IFSC000015,AT483200000012345864,CHASUS33XXX,,,,
,ruthglov,ruthglov,Ruth,Glover,,DK,58,bank,,IFSC000016,AZ77VTBA00000000001234567890,CHASUS33XXX,,,,
,vaneturn,vaneturn,Vanessa,Turner,,GR,85,bank,,IFSC000017,BR1500000000000010932840814P2,CHASUS33XXX,,,,
,soniedmu,soniedmu,Sonia,Edmunds,,MX,142,bank,,IFSC000018,BG18RZBB91550123456789,CHASUS33XXX,,,,
,seanlyma,seanlyma,Sean,Lyman,,RU,181,bank,,IFSC000019,EG800002000156789012345180002,CHASUS33XXX,,,,
,janeshor,janeshor,Jane,Short,,GB,230,bank,,IFSC000020,SV43ACAT00000000000000123123,CHASUS33XXX,,,,
,sonispri,sonispri,Sonia,Springer,,US,231,bank,,IFSC000021,BR1500000000000010932840814P2,CHASUS33XXX,,,,
,kevilewi,kevilewi,Kevin,Lewis,,BR,30,bank,,IFSC000022,FR7630006000011234567890189,CHASUS33XXX,,,,
,jacomack,jacomack,Jacob,Mackay,,FR,75,bank,,IFSC000023,AL35202111090000000001234567,CHASUS33XXX,,,,
,willalla,willalla,William,Allan,,HU,99,bank,,IFSC000024,AD1400080001001234567890,CHASUS33XXX,,,,
,pierross,pierross,Piers,Ross,,NZ,157,bank,,IFSC000025,AT483200000012345864,CHASUS33XXX,,,,
,joshhugh,joshhugh,Joshua,Hughes,,ES,205,bank,,IFSC000026,AZ77VTBA00000000001234567890,CHASUS33XXX,,,,
,benjhowa,benjhowa,Benjamin,Howard,,PL,175,bank,,IFSC000027,BR1500000000000010932840814P2,CHASUS33XXX,,,,
,colidunc,colidunc,Colin,Duncan,,AU,13,bank,,IFSC000028,BG18RZBB91550123456789,CHASUS33XXX,,,,
,joanhemm,joanhemm,Joanne,Hemmings,,CA,38,bank,,IFSC000029,EG800002000156789012345180002,CHASUS33XXX,,,,
,andrnash,andrnash,Andrea,Nash,,DE,82,bank,,IFSC000030,SV43ACAT00000000000000123123,CHASUS33XXX,,,,
,sallcole,sallcole,Sally,Coleman,,IT,107,bank,,IFSC000031,BR1500000000000010932840814P2,CHASUS33XXX,,,,
,gordhemm,gordhemm,Gordon,Hemmings,,NO,164,bank,,IFSC000032,FR7630006000011234567890189,CHASUS33XXX,,,,
,deirpaig,deirpaig,Deirdre,Paige,,CH,212,bank,,IFSC000033,AL35202111090000000001234567,CHASUS33XXX,,,,
,stevburg,stevburg,Steven,Burgess,,RO,180,bank,,IFSC000034,AD1400080001001234567890,CHASUS33XXX,,,,
,michglov,michglov,Michelle,Glover,,AT,14,bank,,IFSC000035,AT483200000012345864,CHASUS33XXX,,,,
,dianrobe,dianrobe,Diana,Roberts,,DK,58,bank,,IFSC000036,AZ77VTBA00000000001234567890,CHASUS33XXX,,,,
,leonross,leonross,Leonard,Ross,,GR,85,bank,,IFSC000037,BR1500000000000010932840814P2,CHASUS33XXX,,,,
,elizmetc,elizmetc,Elizabeth,Metcalfe,,MX,142,bank,,IFSC000038,BG18RZBB91550123456789,CHASUS33XXX,,,,
,evansuth,evansuth,Evan,Sutherland,,RU,181,bank,,IFSC000039,EG800002000156789012345180002,CHASUS33XXX,,,,
,jasomorr,jasomorr,Jason,Morrison,,GB,230,bank,,IFSC000040,SV43ACAT00000000000000123123,CHASUS33XXX,,,,
,jasogray,jasogray,Jason,Gray,,US,231,bank,,IFSC000041,BR1500000000000010932840814P2,CHASUS33XXX,,,,
,janejone,janejone,Jane,Jones,,BR,30,bank,,IFSC000042,FR7630006000011234567890189,CHASUS33XXX,,,,
,julirand,julirand,Julian,Randall,,FR,75,bank,,IFSC000043,AL35202111090000000001234567,CHASUS33XXX,,,,
,andrchur,andrchur,Andrea,Churchill,,HU,99,bank,,IFSC000044,AD1400080001001234567890,CHASUS33XXX,,,,
,dylagray,dylagray,Dylan,Gray,,NZ,157,bank,,IFSC000045,AT483200000012345864,CHASUS33XXX,,,,
,chriskin,chriskin,Christian,Skinner,,ES,205,bank,,IFSC000046,AZ77VTBA00000000001234567890,CHASUS33XXX,,,,
,angeince,angeince,Angela,Ince,,PL,175,bank,,IFSC000047,BR1500000000000010932840814P2,CHASUS33XXX,,,,
,doroogde,doroogde,Dorothy,Ogden,,AU,13,bank,,IFSC000048,BG18RZBB91550123456789,CHASUS33XXX,,,,
,joemart,joemart,Joe,Martin,,CA,38,bank,,IFSC000049,EG800002000156789012345180002,CHASUS33XXX,,,,
,wenddavi,wenddavi,Wendy,Davidson,,DE,82,bank,,IFSC000050,SV43ACAT00000000000000123123,CHASUS33XXX,,,,
,samaferg,samaferg,Samantha,Ferguson,,IT,107,bank,,IFSC000051,BR1500000000000010932840814P2,CHASUS33XXX,,,,
,johnfras,johnfras,John,Fraser,,NO,164,bank,,IFSC000052,FR7630006000011234567890189,CHASUS33XXX,,,,
,daviskin,daviskin,David,Skinner,,CH,212,bank,,IFSC000053,AL35202111090000000001234567,CHASUS33XXX,,,,
,simomcgr,simomcgr,Simon,McGrath,,RO,180,bank,,IFSC000054,AD1400080001001234567890,CHASUS33XXX,,,,
,amyferg,amyferg,Amy,Ferguson,,AT,14,bank,,IFSC000055,AT483200000012345864,CHASUS33XXX,,,,
,nicohami,nicohami,Nicola,Hamilton,,DK,58,bank,,IFSC000056,AZ77VTBA00000000001234567890,CHASUS33XXX,,,,
,juliruss,juliruss,Julian,Russell,,GR,85,bank,,IFSC000057,BR1500000000000010932840814P2,CHASUS33XXX,,,,
,caropete,caropete,Carol,Peters,,MX,142,bank,,IFSC000058,BG18RZBB91550123456789,CHASUS33XXX,,,,
,rebemath,rebemath,Rebecca,Mathis,,RU,181,bank,,IFSC000059,EG800002000156789012345180002,CHASUS33XXX,,,,
,megalang,megalang,Megan,Langdon,,GB,230,bank,,IFSC000060,SV43ACAT00000000000000123123,CHASUS33XXX,,,,
,alexmetc,alexmetc,Alexander,Metcalfe,,US,231,bank,,IFSC000061,BR1500000000000010932840814P2,CHASUS33XXX,,,,
,avamill,avamill,Ava,Mills,,BR,30,bank,,IFSC000062,FR7630006000011234567890189,CHASUS33XXX,,,,
,yvonpayn,yvonpayn,Yvonne,Payne,,FR,75,bank,,IFSC000063,AL35202111090000000001234567,CHASUS33XXX,,,,
,julicame,julicame,Julian,Cameron,,HU,99,bank,,IFSC000064,AD1400080001001234567890,CHASUS33XXX,,,,
,avapete,avapete,Ava,Peters,,NZ,157,bank,,IFSC000065,AT483200000012345864,CHASUS33XXX,,,,
,tracchur,tracchur,Tracey,Churchill,,ES,205,bank,,IFSC000066,AZ77VTBA00000000001234567890,CHASUS33XXX,,,,
,marihemm,marihemm,Maria,Hemmings,,PL,175,bank,,IFSC000067,BR1500000000000010932840814P2,CHASUS33XXX,,,,
,seanbail,seanbail,Sean,Bailey,,AU,13,bank,,IFSC000068,BG18RZBB91550123456789,CHASUS33XXX,,,,
,chriince,chriince,Christopher,Ince,,CA,38,bank,,IFSC000069,EG800002000156789012345180002,CHASUS33XXX,,,,
,jasopipe,jasopipe,Jason,Piper,,DE,82,bank,,IFSC000070,SV43ACAT00000000000000123123,CHASUS33XXX,,,,
,adrinash,adrinash,Adrian,Nash,,IT,107,bank,,IFSC000071,BR1500000000000010932840814P2,CHASUS33XXX,,,,
,stepferg,stepferg,Stephen,Ferguson,,NO,164,bank,,IFSC000072,FR7630006000011234567890189,CHASUS33XXX,,,,
,alexlamb,alexlamb,Alexander,Lambert,,CH,212,bank,,IFSC000073,AL35202111090000000001234567,CHASUS33XXX,,,,
,domiramp,domiramp,Dominic,Rampling,,RO,180,bank,,IFSC000074,AD1400080001001234567890,CHASUS33XXX,,,,
,kathogde,kathogde,Katherine,Ogden,,AT,14,bank,,IFSC000075,AT483200000012345864,CHASUS33XXX,,,,
,samlewi,samlewi,Sam,Lewis,,DK,58,bank,,IFSC000076,AZ77VTBA00000000001234567890,CHASUS33XXX,,,,
,annelamb,annelamb,Anne,Lambert,,GR,85,bank,,IFSC000077,BR1500000000000010932840814P2,CHASUS33XXX,,,,
,sophpull,sophpull,Sophie,Pullman,,MX,142,bank,,IFSC000078,BG18RZBB91550123456789,CHASUS33XXX,,,,
,gaviturn,gaviturn,Gavin,Turner,,RU,181,bank,,IFSC000079,EG800002000156789012345180002,CHASUS33XXX,,,,
,trevshor,trevshor,Trevor,Short,,GB,230,bank,,IFSC000080,SV43ACAT00000000000000123123,CHASUS33XXX,,,,
,thergran,thergran,Theresa,Grant,,US,231,bank,,IFSC000081,BR1500000000000010932840814P2,CHASUS33XXX,,,,
,anthhodg,anthhodg,Anthony,Hodges,,BR,30,bank,,IFSC000082,FR7630006000011234567890189,CHASUS33XXX,,,,
,jennwilk,jennwilk,Jennifer,Wilkins,,FR,75,bank,,IFSC000083,AL35202111090000000001234567,CHASUS33XXX,,,,
,thermars,thermars,Theresa,Marshall,,HU,99,bank,,IFSC000084,AD1400080001001234567890,CHASUS33XXX,,,,
,joanalla,joanalla,Joan,Allan,,NZ,157,bank,,IFSC000085,AT483200000012345864,CHASUS33XXX,,,,
,maribake,maribake,Maria,Baker,,ES,205,bank,,IFSC000086,AZ77VTBA00000000001234567890,CHASUS33XXX,,,,
,simoince,simoince,Simon,Ince,,PL,175,bank,,IFSC000087,BR1500000000000010932840814P2,CHASUS33XXX,,,,
,jesscarr,jesscarr,Jessica,Carr,,AU,13,bank,,IFSC000088,BG18RZBB91550123456789,CHASUS33XXX,,,,
,julirobe,julirobe,Julia,Robertson,,CA,38,bank,,IFSC000089,EG800002000156789012345180002,CHASUS33XXX,,,,
,abigmorg,abigmorg,Abigail,Morgan,,DE,82,bank,,IFSC000090,SV43ACAT00000000000000123123,CHASUS33XXX,,,,
,berntuck,berntuck,Bernadette,Tucker,,IT,107,bank,,IFSC000091,AZ77VTBA00000000001234567890,CHASUS33XXX,,,,
,laurskin,laurskin,Lauren,Skinner,,NO,164,bank,,IFSC000092,BR1500000000000010932840814P2,CHASUS33XXX,,,,
,camegill,camegill,Cameron,Gill,,CH,212,bank,,IFSC000093,BG18RZBB91550123456789,CHASUS33XXX,,,,
,emmahami,emmahami,Emma,Hamilton,,AT,14,bank,,IFSC000095,SV43ACAT00000000000000123123,CHASUS33XXX,,,,
,alexross,alexross,Alexander,Ross,,DK,58,bank,,IFSC000096,AZ77VTBA00000000001234567890,CHASUS33XXX,,,,
,donnblak,donnblak,Donna,Blake,,GR,85,bank,,IFSC000097,BR1500000000000010932840814P2,CHASUS33XXX,,,,
,madeclar,madeclar,Madeleine,Clarkson,,AU,13,bitcoin,3C3nmTsGEGJ1JvEucrvJoKwFK5rjvcdwXG,,,,,,,
,rebeblak,rebeblak,Rebecca,Blake,,CA,38,bitcoin,3C3nmTsGEGJ1JvEucrvJoKwFK5rjvcdwXG,,,,,,,
,liammorg,liammorg,Liam,Morgan,,DE,82,bitcoin,3C3nmTsGEGJ1JvEucrvJoKwFK5rjvcdwXG,,,,,,,
,elizkell,elizkell,Elizabeth,Kelly,,IT,107,bitcoin,3C3nmTsGEGJ1JvEucrvJoKwFK5rjvcdwXG,,,,,,,
,lukevaug,lukevaug,Luke,Vaughan,,NO,164,bitcoin,3C3nmTsGEGJ1JvEucrvJoKwFK5rjvcdwXG,,,,,,,
,audrwelc,audrwelc,Audrey,Welch,,CH,212,bitcoin,3C3nmTsGEGJ1JvEucrvJoKwFK5rjvcdwXG,,,,,,,
,emilbond,emilbond,Emily,Bond,,RO,180,bitcoin,3C3nmTsGEGJ1JvEucrvJoKwFK5rjvcdwXG,,,,,,,
,nathpate,nathpate,Nathan,Paterson,,AT,14,bitcoin,3C3nmTsGEGJ1JvEucrvJoKwFK5rjvcdwXG,,,,,,,
,harrturn,harrturn,Harry,Turner,,DK,58,bitcoin,3C3nmTsGEGJ1JvEucrvJoKwFK5rjvcdwXG,,,,,,,
,jonatuck,jonatuck,Jonathan,Tucker,,GR,85,bitcoin,3C3nmTsGEGJ1JvEucrvJoKwFK5rjvcdwXG,,,,,,,
,lillhard,lillhard,Lillian,Hardacre,,MX,142,bitcoin,3C3nmTsGEGJ1JvEucrvJoKwFK5rjvcdwXG,,,,,,,
,phildyer,phildyer,Phil,Dyer,,RU,181,bitcoin,3C3nmTsGEGJ1JvEucrvJoKwFK5rjvcdwXG,,,,,,,
,kylimill,kylimill,Kylie,Miller,,GB,230,bitcoin,3C3nmTsGEGJ1JvEucrvJoKwFK5rjvcdwXG,,,,,,,
,bellsuth,bellsuth,Bella,Sutherland,,US,231,bitcoin,3C3nmTsGEGJ1JvEucrvJoKwFK5rjvcdwXG,,,,,,,
,leonmart,leonmart,Leonard,Martin,,BR,30,bitcoin,3C3nmTsGEGJ1JvEucrvJoKwFK5rjvcdwXG,,,,,,,
,carlhard,carlhard,Carl,Hardacre,,FR,75,bitcoin,3C3nmTsGEGJ1JvEucrvJoKwFK5rjvcdwXG,,,,,,,
,karewalk,karewalk,Karen,Walker,,HU,99,bitcoin,3C3nmTsGEGJ1JvEucrvJoKwFK5rjvcdwXG,,,,,,,
,victchap,victchap,Victoria,Chapman,,NZ,157,bitcoin,3C3nmTsGEGJ1JvEucrvJoKwFK5rjvcdwXG,,,,,,,
,vanequin,vanequin,Vanessa,Quinn,,ES,205,bitcoin,3C3nmTsGEGJ1JvEucrvJoKwFK5rjvcdwXG,,,,,,,
,conngray,conngray,Connor,Gray,,PL,175,bitcoin,34goNaPtcUi9MWLkYmwMtYzCvEoDWnduYq,,,,,,,
,niconort,niconort,Nicola,North,,AU,13,bitcoin,34goNaPtcUi9MWLkYmwMtYzCvEoDWnduYq,,,,,,,
,amyclar,amyclar,Amy,Clark,,CA,38,bitcoin,34goNaPtcUi9MWLkYmwMtYzCvEoDWnduYq,,,,,,,
,megamcle,megamcle,Megan,McLean,,DE,82,bitcoin,34goNaPtcUi9MWLkYmwMtYzCvEoDWnduYq,,,,,,,
,stewcole,stewcole,Stewart,Coleman,,IT,107,bitcoin,34goNaPtcUi9MWLkYmwMtYzCvEoDWnduYq,,,,,,,
,kevikell,kevikell,Kevin,Kelly,,NO,164,bitcoin,34goNaPtcUi9MWLkYmwMtYzCvEoDWnduYq,,,,,,,
,pierblac,pierblac,Piers,Black,,CH,212,bitcoin,34goNaPtcUi9MWLkYmwMtYzCvEoDWnduYq,,,,,,,
,therlee,therlee,Theresa,Lee,,RO,180,bitcoin,34goNaPtcUi9MWLkYmwMtYzCvEoDWnduYq,,,,,,,
,amanince,amanince,Amanda,Ince,,AT,14,bitcoin,34goNaPtcUi9MWLkYmwMtYzCvEoDWnduYq,,,,,,,
,colithom,colithom,Colin,Thomson,,DK,58,bitcoin,34goNaPtcUi9MWLkYmwMtYzCvEoDWnduYq,,,,,,,
,jacopaig,jacopaig,Jacob,Paige,,GR,85,bitcoin,34goNaPtcUi9MWLkYmwMtYzCvEoDWnduYq,,,,,,,
,michunde,michunde,Michelle,Underwood,,MX,142,bitcoin,34goNaPtcUi9MWLkYmwMtYzCvEoDWnduYq,,,,,,,
,sonimurr,sonimurr,Sonia,Murray,,RU,181,bitcoin,34goNaPtcUi9MWLkYmwMtYzCvEoDWnduYq,,,,,,,
,nathpaig,nathpaig,Nathan,Paige,,GB,230,bitcoin,34goNaPtcUi9MWLkYmwMtYzCvEoDWnduYq,,,,,,,
,michgibs,michgibs,Michael,Gibson,,US,231,bitcoin,34goNaPtcUi9MWLkYmwMtYzCvEoDWnduYq,,,,,,,
,robekell,robekell,Robert,Kelly,,BR,30,bitcoin,34goNaPtcUi9MWLkYmwMtYzCvEoDWnduYq,,,,,,,
,suepipe,suepipe,Sue,Piper,,FR,75,bitcoin,34goNaPtcUi9MWLkYmwMtYzCvEoDWnduYq,,,,,,,
,rosebutl,rosebutl,Rose,Butler,,HU,99,bitcoin,34goNaPtcUi9MWLkYmwMtYzCvEoDWnduYq,,,,,,,
,alexwall,alexwall,Alexander,Wallace,,NZ,157,bitcoin,3Pi48GeXg1jYdrhJ6fWumnePYuCz9Nm551,,,,,,,
,mollball,mollball,Molly,Ball,,ES,205,bitcoin,3Pi48GeXg1jYdrhJ6fWumnePYuCz9Nm551,,,,,,,
,avabond,avabond,Ava,Bond,,PL,175,bitcoin,3Pi48GeXg1jYdrhJ6fWumnePYuCz9Nm551,,,,,,,
,annahunt,annahunt,Anna,Hunter,,AU,13,bitcoin,3Pi48GeXg1jYdrhJ6fWumnePYuCz9Nm551,,,,,,,
,madeterr,madeterr,Madeleine,Terry,,CA,38,bitcoin,3Pi48GeXg1jYdrhJ6fWumnePYuCz9Nm551,,,,,,,
,joanspri,joanspri,Joan,Springer,,DE,82,bitcoin,3Pi48GeXg1jYdrhJ6fWumnePYuCz9Nm551,,,,,,,
,faitdyer,faitdyer,Faith,Dyer,,IT,107,bitcoin,3Pi48GeXg1jYdrhJ6fWumnePYuCz9Nm551,,,,,,,
,edwamath,edwamath,Edward,Mathis,,NO,164,bitcoin,3Pi48GeXg1jYdrhJ6fWumnePYuCz9Nm551,,,,,,,
,alisbutl,alisbutl,Alison,Butler,,CH,212,bitcoin,3Pi48GeXg1jYdrhJ6fWumnePYuCz9Nm551,,,,,,,
,leahstew,leahstew,Leah,Stewart,,RO,180,bitcoin,3Pi48GeXg1jYdrhJ6fWumnePYuCz9Nm551,,,,,,,
,madelee,madelee,Madeleine,Lee,,AT,14,bitcoin,3Pi48GeXg1jYdrhJ6fWumnePYuCz9Nm551,,,,,,,
,penebutl,penebutl,Penelope,Butler,,DK,58,bitcoin,3Pi48GeXg1jYdrhJ6fWumnePYuCz9Nm551,,,,,,,
,michjame,michjame,Michelle,James,,GR,85,bitcoin,3Pi48GeXg1jYdrhJ6fWumnePYuCz9Nm551,,,,,,,
,conncamp,conncamp,Connor,Campbell,,MX,142,bitcoin,3Pi48GeXg1jYdrhJ6fWumnePYuCz9Nm551,,,,,,,
,gracbuck,gracbuck,Grace,Buckland,,RU,181,bitcoin,3Pi48GeXg1jYdrhJ6fWumnePYuCz9Nm551,,,,,,,
,briaspri,briaspri,Brian,Springer,,GB,230,bitcoin,3Pi48GeXg1jYdrhJ6fWumnePYuCz9Nm551,,,,,,,
,connjohn,connjohn,Connor,Johnston,,US,231,bitcoin,3Pi48GeXg1jYdrhJ6fWumnePYuCz9Nm551,,,,,,,
,juliburg,juliburg,Julian,Burgess,,BR,30,bitcoin,3Pi48GeXg1jYdrhJ6fWumnePYuCz9Nm551,,,,,,,
,edwamurr,edwamurr,Edward,Murray,,FR,75,bitcoin,3Pi48GeXg1jYdrhJ6fWumnePYuCz9Nm551,,,,,,,
,peteogde,peteogde,Peter,Ogden,,HU,99,bitcoin,3Pi48GeXg1jYdrhJ6fWumnePYuCz9Nm551,,,,,,,
,ianchur,ianchur,Ian,Churchill,,NZ,157,bitcoin,3Pi48GeXg1jYdrhJ6fWumnePYuCz9Nm551,,,,,,,
,kathglov,kathglov,Katherine,Glover,,ES,205,bitcoin,3Pi48GeXg1jYdrhJ6fWumnePYuCz9Nm551,,,,,,,
,seanfish,seanfish,Sean,Fisher,,PL,175,bitcoin,3Pi48GeXg1jYdrhJ6fWumnePYuCz9Nm551,,,,,,,
,lilyscot,lilyscot,Lily,Scott,,AU,13,bitcoin,3Pi48GeXg1jYdrhJ6fWumnePYuCz9Nm551,,,,,,,
,sallnash,sallnash,Sally,Nash,,CA,38,bitcoin,3Pi48GeXg1jYdrhJ6fWumnePYuCz9Nm551,,,,,,,
,madewelc,madewelc,Madeleine,Welch,,DE,82,bitcoin,3Pi48GeXg1jYdrhJ6fWumnePYuCz9Nm551,,,,,,,
,philscot,philscot,Phil,Scott,,IT,107,bitcoin,3Pi48GeXg1jYdrhJ6fWumnePYuCz9Nm551,,,,,,,
,alexmars,alexmars,Alexandra,Marshall,,NO,164,bitcoin,3Pi48GeXg1jYdrhJ6fWumnePYuCz9Nm551,,,,,,,
,gavireid,gavireid,Gavin,Reid,,CH,212,bitcoin,3DUS2bN5NqTcMgF5FHYMnqTH76otbBxv8v,,,,,,,
,felilang,felilang,Felicity,Langdon,,RO,180,bitcoin,3DUS2bN5NqTcMgF5FHYMnqTH76otbBxv8v,,,,,,,
,adripowe,adripowe,Adrian,Powell,,AT,14,bitcoin,3DUS2bN5NqTcMgF5FHYMnqTH76otbBxv8v,,,,,,,
,jamenewm,jamenewm,James,Newman,,DK,58,bitcoin,3DUS2bN5NqTcMgF5FHYMnqTH76otbBxv8v,,,,,,,
,mademorg,mademorg,Madeleine,Morgan,,GR,85,bitcoin,3DUS2bN5NqTcMgF5FHYMnqTH76otbBxv8v,,,,,,,
,carlking,carlking,Carl,King,,MX,142,bitcoin,3DUS2bN5NqTcMgF5FHYMnqTH76otbBxv8v,,,,,,,
,robegray,robegray,Robert,Gray,,RU,181,bitcoin,3DUS2bN5NqTcMgF5FHYMnqTH76otbBxv8v,,,,,,,
,kylimcle,kylimcle,Kylie,McLean,,GB,230,bitcoin,3DUS2bN5NqTcMgF5FHYMnqTH76otbBxv8v,,,,,,,
,lukepete,lukepete,Luke,Peters,,US,231,bitcoin,3DUS2bN5NqTcMgF5FHYMnqTH76otbBxv8v,,,,,,,
,pierlewi,pierlewi,Piers,Lewis,,BR,30,bitcoin,3DUS2bN5NqTcMgF5FHYMnqTH76otbBxv8v,,,,,,,
,alanhard,alanhard,Alan,Hardacre,,FR,75,bitcoin,3DUS2bN5NqTcMgF5FHYMnqTH76otbBxv8v,,,,,,,
,isaamitc,isaamitc,Isaac,Mitchell,,HU,99,bitcoin,3DUS2bN5NqTcMgF5FHYMnqTH76otbBxv8v,,,,,,,
,soniscot,soniscot,Sonia,Scott,,NZ,157,bitcoin,3DUS2bN5NqTcMgF5FHYMnqTH76otbBxv8v,,,,,,,
,heatabra,heatabra,Heather,Abraham,,ES,205,bitcoin,3DUS2bN5NqTcMgF5FHYMnqTH76otbBxv8v,,,,,,,
,richruth,richruth,Richard,Rutherford,,PL,175,bitcoin,3DUS2bN5NqTcMgF5FHYMnqTH76otbBxv8v,,,,,,,
,avahemm,avahemm,Ava,Hemmings,,AU,13,bitcoin,3DUS2bN5NqTcMgF5FHYMnqTH76otbBxv8v,,,,,,,
,franrobe,franrobe,Frank,Robertson,,CA,38,bitcoin,3DUS2bN5NqTcMgF5FHYMnqTH76otbBxv8v,,,,,,,
,karegrah,karegrah,Karen,Graham,,DE,82,bitcoin,3DUS2bN5NqTcMgF5FHYMnqTH76otbBxv8v,,,,,,,
,hannbail,hannbail,Hannah,Bailey,,IT,107,bitcoin,3DUS2bN5NqTcMgF5FHYMnqTH76otbBxv8v,,,,,,,
,marylawr,marylawr,Mary,Lawrence,,NO,164,bitcoin,3DUS2bN5NqTcMgF5FHYMnqTH76otbBxv8v,,,,,,,
,hannreid,hannreid,Hannah,Reid,,CH,212,bitcoin,3DUS2bN5NqTcMgF5FHYMnqTH76otbBxv8v,,,,,,,
,richwelc,richwelc,Richard,Welch,,RO,180,bitcoin,3DUS2bN5NqTcMgF5FHYMnqTH76otbBxv8v,,,,,,,
,elizwals,elizwals,Elizabeth,Walsh,,AT,14,bitcoin,3DUS2bN5NqTcMgF5FHYMnqTH76otbBxv8v,,,,,,,
,nichpete,nichpete,Nicholas,Peters,,DK,58,bitcoin,3DUS2bN5NqTcMgF5FHYMnqTH76otbBxv8v,,,,,,,
,blakmurr,blakmurr,Blake,Murray,,GR,85,bitcoin,3DUS2bN5NqTcMgF5FHYMnqTH76otbBxv8v,,,,,,,
,domilawr,domilawr,Dominic,Lawrence,,MX,142,bitcoin,3DUS2bN5NqTcMgF5FHYMnqTH76otbBxv8v,,,,,,,
,joshmcdo,joshmcdo,Joshua,McDonald,,RU,181,bitcoin,3DUS2bN5NqTcMgF5FHYMnqTH76otbBxv8v,,,,,,,
,donnball,donnball,Donna,Ball,,GB,230,bitcoin,3DUS2bN5NqTcMgF5FHYMnqTH76otbBxv8v,,,,,,,
,jasomcgr,jasomcgr,Jason,McGrath,,US,231,bitcoin,3DUS2bN5NqTcMgF5FHYMnqTH76otbBxv8v,,,,,,,
,olivbail,olivbail,Oliver,Bailey,,BR,30,bitcoin,3DUS2bN5NqTcMgF5FHYMnqTH76otbBxv8v,,,,,,,
,jacosmit,jacosmit,Jacob,Smith,,FR,75,bitcoin,3DUS2bN5NqTcMgF5FHYMnqTH76otbBxv8v,,,,,,,
,virggill,virggill,Virginia,Gill,,HU,99,bitcoin,3DUS2bN5NqTcMgF5FHYMnqTH76otbBxv8v,,,,,,,
,justclar,justclar,Justin,Clark,,AT,14,bitcoin,3C3nmTsGEGJ1JvEucrvJoKwFK5rjvcdwXG,,,,,,,
,gracquin,gracquin,Grace,Quinn,,DK,58,bitcoin,34goNaPtcUi9MWLkYmwMtYzCvEoDWnduYq  ,,,,,,,
,elizrobe,elizrobe,Elizabeth,Robertson,,GR,85,bitcoin,3Pi48GeXg1jYdrhJ6fWumnePYuCz9Nm551  ,,,,,,,
,stepogde,stepogde,Stephanie,Ogden,,MX,142,bitcoin,3DUS2bN5NqTcMgF5FHYMnqTH76otbBxv8v     ,,,,,,,
,alisjame,alisjame,Alison,James,,RU,181,bitcoin,3C3nmTsGEGJ1JvEucrvJoKwFK5rjvcdwXG,,,,,,,
,sonismit,sonismit,Sonia,Smith,,GB,230,bitcoin,34goNaPtcUi9MWLkYmwMtYzCvEoDWnduYq  ,,,,,,,
,leahmetc,leahmetc,Leah,Metcalfe,,US,231,bitcoin,3Pi48GeXg1jYdrhJ6fWumnePYuCz9Nm551  ,,,,,,,
,natavaug,natavaug,Natalie,Vaughan,,BR,30,bitcoin,3DUS2bN5NqTcMgF5FHYMnqTH76otbBxv8v     ,,,,,,,
,seandowd,seandowd,Sean,Dowd,,FR,75,bitcoin,3C3nmTsGEGJ1JvEucrvJoKwFK5rjvcdwXG,,,,,,,
,danlee,danlee,Dan,Lee,,HU,99,bitcoin,34goNaPtcUi9MWLkYmwMtYzCvEoDWnduYq  ,,,,,,,
,evangray,evangray,Evan,Gray,,NZ,157,bitcoin,3Pi48GeXg1jYdrhJ6fWumnePYuCz9Nm551  ,,,,,,,
,victmill,victmill,Victor,Miller,,ES,205,bitcoin,3DUS2bN5NqTcMgF5FHYMnqTH76otbBxv8v     ,,,,,,,
,dylabail,dylabail,Dylan,Bailey,,PL,175,bitcoin,3C3nmTsGEGJ1JvEucrvJoKwFK5rjvcdwXG,,,,,,,
,melaince,melaince,Melanie,Ince,,AU,13,bitcoin,34goNaPtcUi9MWLkYmwMtYzCvEoDWnduYq  ,,,,,,,
,michnola,michnola,Michael,Nolan,,CA,38,bitcoin,3Pi48GeXg1jYdrhJ6fWumnePYuCz9Nm551  ,,,,,,,
,juligray,juligray,Julian,Gray,,DE,82,bitcoin,3DUS2bN5NqTcMgF5FHYMnqTH76otbBxv8v     ,,,,,,,
,charclar,charclar,Charles,Clark,,IT,107,bitcoin,3C3nmTsGEGJ1JvEucrvJoKwFK5rjvcdwXG,,,,,,,
,victvaug,victvaug,Victoria,Vaughan,,NO,164,bitcoin,34goNaPtcUi9MWLkYmwMtYzCvEoDWnduYq  ,,,,,,,
,mollpull,mollpull,Molly,Pullman,,CH,212,bitcoin,3Pi48GeXg1jYdrhJ6fWumnePYuCz9Nm551  ,,,,,,,
,ellaknox,ellaknox,Ella,Knox,,RO,180,bitcoin,3DUS2bN5NqTcMgF5FHYMnqTH76otbBxv8v     ,,,,,,,
,justjohn,justjohn,Justin,Johnston,,AT,14,bitcoin,3C3nmTsGEGJ1JvEucrvJoKwFK5rjvcdwXG,,,,,,,
,jonacorn,jonacorn,Jonathan,Cornish,,DK,58,bitcoin,34goNaPtcUi9MWLkYmwMtYzCvEoDWnduYq  ,,,,,,,
,emilyoun,emilyoun,Emily,Young,,GR,85,bitcoin,3Pi48GeXg1jYdrhJ6fWumnePYuCz9Nm551  ,,,,,,,
,andrhuds,andrhuds,Andrew,Hudson,,MX,142,bitcoin,3DUS2bN5NqTcMgF5FHYMnqTH76otbBxv8v     ,,,,,,,
,adamwelc,adamwelc,Adam,Welch,,RU,181,bitcoin,3C3nmTsGEGJ1JvEucrvJoKwFK5rjvcdwXG,,,,,,,
,carlpull,carlpull,Carl,Pullman,,GB,230,bitcoin,34goNaPtcUi9MWLkYmwMtYzCvEoDWnduYq  ,,,,,,,
,soniferg,soniferg,Sonia,Ferguson,,US,231,bitcoin,3Pi48GeXg1jYdrhJ6fWumnePYuCz9Nm551  ,,,,,,,
,lilyogde,lilyogde,Lily,Ogden,,BR,30,bitcoin,3DUS2bN5NqTcMgF5FHYMnqTH76otbBxv8v     ,,,,,,,
,lucashar,lucashar,Lucas,Sharp,,FR,75,bitcoin,3C3nmTsGEGJ1JvEucrvJoKwFK5rjvcdwXG,,,,,,,
,angesmit,angesmit,Angela,Smith,,HU,99,bitcoin,34goNaPtcUi9MWLkYmwMtYzCvEoDWnduYq  ,,,,,,,
,marimorg,marimorg,Maria,Morgan,,NZ,157,bitcoin,3Pi48GeXg1jYdrhJ6fWumnePYuCz9Nm551  ,,,,,,,
,anthpipe,anthpipe,Anthony,Piper,,ES,205,bitcoin,3DUS2bN5NqTcMgF5FHYMnqTH76otbBxv8v     ,,,,,,,
,dianbuck,dianbuck,Diana,Buckland,,PL,175,bitcoin,3C3nmTsGEGJ1JvEucrvJoKwFK5rjvcdwXG,,,,,,,
,olivhill,olivhill,Oliver,Hill,,AU,13,bitcoin,34goNaPtcUi9MWLkYmwMtYzCvEoDWnduYq  ,,,,,,,
,ianjack,ianjack,Ian,Jackson,,CA,38,bitcoin,3Pi48GeXg1jYdrhJ6fWumnePYuCz9Nm551  ,,,,,,,
,jakehugh,jakehugh,Jake,Hughes,,DE,82,bitcoin,3DUS2bN5NqTcMgF5FHYMnqTH76otbBxv8v     ,,,,,,,
,rachmill,rachmill,Rachel,Mills,,IT,107,bitcoin,3C3nmTsGEGJ1JvEucrvJoKwFK5rjvcdwXG,,,,,,,
,samhuds,samhuds,Sam,Hudson,,NO,164,bitcoin,34goNaPtcUi9MWLkYmwMtYzCvEoDWnduYq  ,,,,,,,
,nichhuds,nichhuds,Nicholas,Hudson,,CH,212,bitcoin,3Pi48GeXg1jYdrhJ6fWumnePYuCz9Nm551  ,,,,,,,
,jennlyma,jennlyma,Jennifer,Lyman,,RO,180,bitcoin,3DUS2bN5NqTcMgF5FHYMnqTH76otbBxv8v     ,,,,,,,
,carowals,carowals,Carol,Walsh,,AT,14,bitcoin,3C3nmTsGEGJ1JvEucrvJoKwFK5rjvcdwXG,,,,,,,
,stevpate,stevpate,Steven,Paterson,,DK,58,bitcoin,34goNaPtcUi9MWLkYmwMtYzCvEoDWnduYq  ,,,,,,,
,audrgree,audrgree,Audrey,Greene,,GR,85,bitcoin,3Pi48GeXg1jYdrhJ6fWumnePYuCz9Nm551  ,,,,,,,
,hannbowe,hannbowe,Hannah,Bower,,MX,142,bitcoin,3DUS2bN5NqTcMgF5FHYMnqTH76otbBxv8v     ,,,,,,,
,carowils,carowils,Carolyn,Wilson,,RU,181,bitcoin,3C3nmTsGEGJ1JvEucrvJoKwFK5rjvcdwXG,,,,,,,
,leondavi,leondavi,Leonard,Davies,,GB,230,bitcoin,34goNaPtcUi9MWLkYmwMtYzCvEoDWnduYq  ,,,,,,,
,penesimp,penesimp,Penelope,Simpson,,US,231,bitcoin,3Pi48GeXg1jYdrhJ6fWumnePYuCz9Nm551  ,,,,,,,
,ryangray,ryangray,Ryan,Gray,,BR,30,bitcoin,3DUS2bN5NqTcMgF5FHYMnqTH76otbBxv8v     ,,,,,,,
,rebegree,rebegree,Rebecca,Greene,,FR,75,bitcoin,3C3nmTsGEGJ1JvEucrvJoKwFK5rjvcdwXG,,,,,,,
,elizwalk,elizwalk,Elizabeth,Walker,,HU,99,bitcoin,34goNaPtcUi9MWLkYmwMtYzCvEoDWnduYq  ,,,,,,,
,zoedick,zoedick,Zoe,Dickens,,NZ,157,bitcoin,3Pi48GeXg1jYdrhJ6fWumnePYuCz9Nm551  ,,,,,,,
,justmacd,justmacd,Justin,MacDonald,,ES,205,bitcoin,3DUS2bN5NqTcMgF5FHYMnqTH76otbBxv8v     ,,,,,,,
,warrscot,warrscot,Warren,Scott,,PL,175,bitcoin,3C3nmTsGEGJ1JvEucrvJoKwFK5rjvcdwXG,,,,,,,
,irentayl,irentayl,Irene,Taylor,,AU,13,bitcoin,34goNaPtcUi9MWLkYmwMtYzCvEoDWnduYq  ,,,,,,,
,joshgibs,joshgibs,Joshua,Gibson,,CA,38,bitcoin,3Pi48GeXg1jYdrhJ6fWumnePYuCz9Nm551  ,,,,,,,
,joepayn,joepayn,Joe,Payne,,DE,82,bitcoin,3DUS2bN5NqTcMgF5FHYMnqTH76otbBxv8v     ,,,,,,,
,lilllamb,lilllamb,Lillian,Lambert,,IT,107,bitcoin,3C3nmTsGEGJ1JvEucrvJoKwFK5rjvcdwXG,,,,,,,
,irenhunt,irenhunt,Irene,Hunter,,NO,164,bitcoin,34goNaPtcUi9MWLkYmwMtYzCvEoDWnduYq  ,,,,,,,
,danruss,danruss,Dan,Russell,,CH,212,bitcoin,3Pi48GeXg1jYdrhJ6fWumnePYuCz9Nm551  ,,,,,,,
,megamacl,megamacl,Megan,MacLeod,,RO,180,bitcoin,3DUS2bN5NqTcMgF5FHYMnqTH76otbBxv8v     ,,,,,,,
,richquin,richquin,Richard,Quinn,,AT,14,bitcoin,3C3nmTsGEGJ1JvEucrvJoKwFK5rjvcdwXG,,,,,,,
,steppull,steppull,Stephanie,Pullman,,DK,58,bitcoin,34goNaPtcUi9MWLkYmwMtYzCvEoDWnduYq  ,,,,,,,
,olivwilk,olivwilk,Oliver,Wilkins,,GR,85,bitcoin,3Pi48GeXg1jYdrhJ6fWumnePYuCz9Nm551  ,,,,,,,
,lucakell,lucakell,Lucas,Kelly,,MX,142,bitcoin,3DUS2bN5NqTcMgF5FHYMnqTH76otbBxv8v     ,,,,,,,
,dianhemm,dianhemm,Diane,Hemmings,,RU,181,bitcoin,3C3nmTsGEGJ1JvEucrvJoKwFK5rjvcdwXG,,,,,,,
,trevabra,trevabra,Trevor,Abraham,,GB,230,bitcoin,34goNaPtcUi9MWLkYmwMtYzCvEoDWnduYq  ,,,,,,,
,piergibs,piergibs,Piers,Gibson,,US,231,bitcoin,3Pi48GeXg1jYdrhJ6fWumnePYuCz9Nm551  ,,,,,,,
,vaneedmu,vaneedmu,Vanessa,Edmunds,,BR,30,bitcoin,3DUS2bN5NqTcMgF5FHYMnqTH76otbBxv8v     ,,,,,,,
,dianberr,dianberr,Diane,Berry,,FR,75,bitcoin,3C3nmTsGEGJ1JvEucrvJoKwFK5rjvcdwXG,,,,,,,
,audrdavi,audrdavi,Audrey,Davies,,HU,99,bitcoin,34goNaPtcUi9MWLkYmwMtYzCvEoDWnduYq  ,,,,,,,
,gordjone,gordjone,Gordon,Jones,,NZ,157,bitcoin,3Pi48GeXg1jYdrhJ6fWumnePYuCz9Nm551  ,,,,,,,
,vanerobe,vanerobe,Vanessa,Robertson,,ES,205,bitcoin,3DUS2bN5NqTcMgF5FHYMnqTH76otbBxv8v     ,,,,,,,
,chriabra,chriabra,Christopher,Abraham,,PL,175,bitcoin,3C3nmTsGEGJ1JvEucrvJoKwFK5rjvcdwXG,,,,,,,
,trevmitc,trevmitc,Trevor,Mitchell,,AU,13,bitcoin,34goNaPtcUi9MWLkYmwMtYzCvEoDWnduYq  ,,,,,,,
,lukeross,lukeross,Luke,Ross,,CA,38,bitcoin,3Pi48GeXg1jYdrhJ6fWumnePYuCz9Nm551  ,,,,,,,
,samwils,samwils,Sam,Wilson,,DE,82,bitcoin,3DUS2bN5NqTcMgF5FHYMnqTH76otbBxv8v     ,,,,,,,
,jennvaug,jennvaug,Jennifer,Vaughan,,IT,107,bitcoin,3C3nmTsGEGJ1JvEucrvJoKwFK5rjvcdwXG,,,,,,,
,jackhodg,jackhodg,Jack,Hodges,,NO,164,bitcoin,34goNaPtcUi9MWLkYmwMtYzCvEoDWnduYq  ,,,,,,,
,gordshor,gordshor,Gordon,Short,,CH,212,bitcoin,3Pi48GeXg1jYdrhJ6fWumnePYuCz9Nm551  ,,,,,,,
,alexaver,alexaver,Alexandra,Avery,,RO,180,bitcoin,3DUS2bN5NqTcMgF5FHYMnqTH76otbBxv8v     ,,,,,,,
,briaande,briaande,Brian,Anderson,,AT,14,paypal,,,,,Prabitha@paypal-buyer.com,,,
,danhunt,danhunt,Dan,Hunter,,DK,58,paypal,,,,,epsbineesha@gmail.com,,,
,joanwelc,joanwelc,Joanne,Welch,,GR,85,paypal,,,,,Prabitha@paypal-buyer.com,,,
,julithom,julithom,Julian,Thomson,,MX,142,paypal,,,,,epsbineesha@gmail.com,,,
,kylirees,kylirees,Kylie,Rees,,RU,181,paypal,,,,,Prabitha@paypal-buyer.com,,,
,lillknox,lillknox,Lillian,Knox,,GB,230,paypal,,,,,epsbineesha@gmail.com,,,
,adrifish,adrifish,Adrian,Fisher,,US,231,paypal,,,,,Prabitha@paypal-buyer.com,,,
,angealla,angealla,Angela,Allan,,BR,30,paypal,,,,,epsbineesha@gmail.com,,,
,frangrah,frangrah,Frank,Graham,,FR,75,paypal,,,,,Prabitha@paypal-buyer.com,,,
,seanclar,seanclar,Sean,Clarkson,,HU,99,paypal,,,,,epsbineesha@gmail.com,,,
,isaapaig,isaapaig,Isaac,Paige,,NZ,157,paypal,,,,,Prabitha@paypal-buyer.com,,,
,trevtuck,trevtuck,Trevor,Tucker,,ES,205,paypal,,,,,epsbineesha@gmail.com,,,
,jamemill,jamemill,James,Miller,,PL,175,paypal,,,,,Prabitha@paypal-buyer.com,,,
,samawalk,samawalk,Samantha,Walker,,AU,13,paypal,,,,,epsbineesha@gmail.com,,,
,adamdavi,adamdavi,Adam,Davidson,,CA,38,paypal,,,,,Prabitha@paypal-buyer.com,,,
,natahard,natahard,Natalie,Hardacre,,DE,82,paypal,,,,,epsbineesha@gmail.com,,,
,victquin,victquin,Victoria,Quinn,,IT,107,paypal,,,,,Prabitha@paypal-buyer.com,,,
,joeharr,joeharr,Joe,Harris,,IT,107,paypal,,,,,epsbineesha@gmail.com,,,
